--
-- PostgreSQL database dump
--

\restrict V0R35OcamyRIFa3uZPe5IrQSXU02ZAb4w8mmsGhtC9E4AOb4s7zaAT10Q3Vug9W

-- Dumped from database version 16.13 (Ubuntu 16.13-0ubuntu0.24.04.1)
-- Dumped by pg_dump version 16.13 (Ubuntu 16.13-0ubuntu0.24.04.1)

SET statement_timeout = 0;
SET lock_timeout = 0;
SET idle_in_transaction_session_timeout = 0;
SET client_encoding = 'UTF8';
SET standard_conforming_strings = on;
SELECT pg_catalog.set_config('search_path', '', false);
SET check_function_bodies = false;
SET xmloption = content;
SET client_min_messages = warning;
SET row_security = off;

SET default_tablespace = '';

SET default_table_access_method = heap;

--
-- Name: auth_group; Type: TABLE; Schema: public; Owner: zenithtron_user
--

CREATE TABLE public.auth_group (
    id integer NOT NULL,
    name character varying(150) NOT NULL
);


ALTER TABLE public.auth_group OWNER TO zenithtron_user;

--
-- Name: auth_group_id_seq; Type: SEQUENCE; Schema: public; Owner: zenithtron_user
--

ALTER TABLE public.auth_group ALTER COLUMN id ADD GENERATED BY DEFAULT AS IDENTITY (
    SEQUENCE NAME public.auth_group_id_seq
    START WITH 1
    INCREMENT BY 1
    NO MINVALUE
    NO MAXVALUE
    CACHE 1
);


--
-- Name: auth_group_permissions; Type: TABLE; Schema: public; Owner: zenithtron_user
--

CREATE TABLE public.auth_group_permissions (
    id bigint NOT NULL,
    group_id integer NOT NULL,
    permission_id integer NOT NULL
);


ALTER TABLE public.auth_group_permissions OWNER TO zenithtron_user;

--
-- Name: auth_group_permissions_id_seq; Type: SEQUENCE; Schema: public; Owner: zenithtron_user
--

ALTER TABLE public.auth_group_permissions ALTER COLUMN id ADD GENERATED BY DEFAULT AS IDENTITY (
    SEQUENCE NAME public.auth_group_permissions_id_seq
    START WITH 1
    INCREMENT BY 1
    NO MINVALUE
    NO MAXVALUE
    CACHE 1
);


--
-- Name: auth_permission; Type: TABLE; Schema: public; Owner: zenithtron_user
--

CREATE TABLE public.auth_permission (
    id integer NOT NULL,
    name character varying(255) NOT NULL,
    content_type_id integer NOT NULL,
    codename character varying(100) NOT NULL
);


ALTER TABLE public.auth_permission OWNER TO zenithtron_user;

--
-- Name: auth_permission_id_seq; Type: SEQUENCE; Schema: public; Owner: zenithtron_user
--

ALTER TABLE public.auth_permission ALTER COLUMN id ADD GENERATED BY DEFAULT AS IDENTITY (
    SEQUENCE NAME public.auth_permission_id_seq
    START WITH 1
    INCREMENT BY 1
    NO MINVALUE
    NO MAXVALUE
    CACHE 1
);


--
-- Name: auth_user; Type: TABLE; Schema: public; Owner: zenithtron_user
--

CREATE TABLE public.auth_user (
    id integer NOT NULL,
    password character varying(128) NOT NULL,
    last_login timestamp with time zone,
    is_superuser boolean NOT NULL,
    username character varying(150) NOT NULL,
    first_name character varying(150) NOT NULL,
    last_name character varying(150) NOT NULL,
    email character varying(254) NOT NULL,
    is_staff boolean NOT NULL,
    is_active boolean NOT NULL,
    date_joined timestamp with time zone NOT NULL
);


ALTER TABLE public.auth_user OWNER TO zenithtron_user;

--
-- Name: auth_user_groups; Type: TABLE; Schema: public; Owner: zenithtron_user
--

CREATE TABLE public.auth_user_groups (
    id bigint NOT NULL,
    user_id integer NOT NULL,
    group_id integer NOT NULL
);


ALTER TABLE public.auth_user_groups OWNER TO zenithtron_user;

--
-- Name: auth_user_groups_id_seq; Type: SEQUENCE; Schema: public; Owner: zenithtron_user
--

ALTER TABLE public.auth_user_groups ALTER COLUMN id ADD GENERATED BY DEFAULT AS IDENTITY (
    SEQUENCE NAME public.auth_user_groups_id_seq
    START WITH 1
    INCREMENT BY 1
    NO MINVALUE
    NO MAXVALUE
    CACHE 1
);


--
-- Name: auth_user_id_seq; Type: SEQUENCE; Schema: public; Owner: zenithtron_user
--

ALTER TABLE public.auth_user ALTER COLUMN id ADD GENERATED BY DEFAULT AS IDENTITY (
    SEQUENCE NAME public.auth_user_id_seq
    START WITH 1
    INCREMENT BY 1
    NO MINVALUE
    NO MAXVALUE
    CACHE 1
);


--
-- Name: auth_user_user_permissions; Type: TABLE; Schema: public; Owner: zenithtron_user
--

CREATE TABLE public.auth_user_user_permissions (
    id bigint NOT NULL,
    user_id integer NOT NULL,
    permission_id integer NOT NULL
);


ALTER TABLE public.auth_user_user_permissions OWNER TO zenithtron_user;

--
-- Name: auth_user_user_permissions_id_seq; Type: SEQUENCE; Schema: public; Owner: zenithtron_user
--

ALTER TABLE public.auth_user_user_permissions ALTER COLUMN id ADD GENERATED BY DEFAULT AS IDENTITY (
    SEQUENCE NAME public.auth_user_user_permissions_id_seq
    START WITH 1
    INCREMENT BY 1
    NO MINVALUE
    NO MAXVALUE
    CACHE 1
);


--
-- Name: django_admin_log; Type: TABLE; Schema: public; Owner: zenithtron_user
--

CREATE TABLE public.django_admin_log (
    id integer NOT NULL,
    action_time timestamp with time zone NOT NULL,
    object_id text,
    object_repr character varying(200) NOT NULL,
    action_flag smallint NOT NULL,
    change_message text NOT NULL,
    content_type_id integer,
    user_id integer NOT NULL,
    CONSTRAINT django_admin_log_action_flag_check CHECK ((action_flag >= 0))
);


ALTER TABLE public.django_admin_log OWNER TO zenithtron_user;

--
-- Name: django_admin_log_id_seq; Type: SEQUENCE; Schema: public; Owner: zenithtron_user
--

ALTER TABLE public.django_admin_log ALTER COLUMN id ADD GENERATED BY DEFAULT AS IDENTITY (
    SEQUENCE NAME public.django_admin_log_id_seq
    START WITH 1
    INCREMENT BY 1
    NO MINVALUE
    NO MAXVALUE
    CACHE 1
);


--
-- Name: django_content_type; Type: TABLE; Schema: public; Owner: zenithtron_user
--

CREATE TABLE public.django_content_type (
    id integer NOT NULL,
    app_label character varying(100) NOT NULL,
    model character varying(100) NOT NULL
);


ALTER TABLE public.django_content_type OWNER TO zenithtron_user;

--
-- Name: django_content_type_id_seq; Type: SEQUENCE; Schema: public; Owner: zenithtron_user
--

ALTER TABLE public.django_content_type ALTER COLUMN id ADD GENERATED BY DEFAULT AS IDENTITY (
    SEQUENCE NAME public.django_content_type_id_seq
    START WITH 1
    INCREMENT BY 1
    NO MINVALUE
    NO MAXVALUE
    CACHE 1
);


--
-- Name: django_migrations; Type: TABLE; Schema: public; Owner: zenithtron_user
--

CREATE TABLE public.django_migrations (
    id bigint NOT NULL,
    app character varying(255) NOT NULL,
    name character varying(255) NOT NULL,
    applied timestamp with time zone NOT NULL
);


ALTER TABLE public.django_migrations OWNER TO zenithtron_user;

--
-- Name: django_migrations_id_seq; Type: SEQUENCE; Schema: public; Owner: zenithtron_user
--

ALTER TABLE public.django_migrations ALTER COLUMN id ADD GENERATED BY DEFAULT AS IDENTITY (
    SEQUENCE NAME public.django_migrations_id_seq
    START WITH 1
    INCREMENT BY 1
    NO MINVALUE
    NO MAXVALUE
    CACHE 1
);


--
-- Name: django_session; Type: TABLE; Schema: public; Owner: zenithtron_user
--

CREATE TABLE public.django_session (
    session_key character varying(40) NOT NULL,
    session_data text NOT NULL,
    expire_date timestamp with time zone NOT NULL
);


ALTER TABLE public.django_session OWNER TO zenithtron_user;

--
-- Name: ingresos_cliente; Type: TABLE; Schema: public; Owner: zenithtron_user
--

CREATE TABLE public.ingresos_cliente (
    id bigint NOT NULL,
    nombre character varying(100) NOT NULL,
    celular character varying(20) NOT NULL,
    referencia character varying(100) NOT NULL
);


ALTER TABLE public.ingresos_cliente OWNER TO zenithtron_user;

--
-- Name: ingresos_cliente_id_seq; Type: SEQUENCE; Schema: public; Owner: zenithtron_user
--

ALTER TABLE public.ingresos_cliente ALTER COLUMN id ADD GENERATED BY DEFAULT AS IDENTITY (
    SEQUENCE NAME public.ingresos_cliente_id_seq
    START WITH 1
    INCREMENT BY 1
    NO MINVALUE
    NO MAXVALUE
    CACHE 1
);


--
-- Name: ingresos_contadoringreso; Type: TABLE; Schema: public; Owner: zenithtron_user
--

CREATE TABLE public.ingresos_contadoringreso (
    id bigint NOT NULL,
    ultimo_numero integer NOT NULL
);


ALTER TABLE public.ingresos_contadoringreso OWNER TO zenithtron_user;

--
-- Name: ingresos_contadoringreso_id_seq; Type: SEQUENCE; Schema: public; Owner: zenithtron_user
--

ALTER TABLE public.ingresos_contadoringreso ALTER COLUMN id ADD GENERATED BY DEFAULT AS IDENTITY (
    SEQUENCE NAME public.ingresos_contadoringreso_id_seq
    START WITH 1
    INCREMENT BY 1
    NO MINVALUE
    NO MAXVALUE
    CACHE 1
);


--
-- Name: ingresos_cuentacobro; Type: TABLE; Schema: public; Owner: zenithtron_user
--

CREATE TABLE public.ingresos_cuentacobro (
    id bigint NOT NULL,
    numero integer NOT NULL,
    fecha date NOT NULL,
    nombre character varying(100) NOT NULL,
    id_cedula character varying(20) NOT NULL,
    direccion character varying(200) NOT NULL,
    telefono character varying(15) NOT NULL,
    ciudad character varying(30) NOT NULL,
    forma_pago character varying(50) NOT NULL,
    ingreso_id bigint NOT NULL,
    CONSTRAINT ingresos_cuentacobro_numero_a3390ee7_check CHECK ((numero >= 0))
);


ALTER TABLE public.ingresos_cuentacobro OWNER TO zenithtron_user;

--
-- Name: ingresos_cuentacobro_id_seq; Type: SEQUENCE; Schema: public; Owner: zenithtron_user
--

ALTER TABLE public.ingresos_cuentacobro ALTER COLUMN id ADD GENERATED BY DEFAULT AS IDENTITY (
    SEQUENCE NAME public.ingresos_cuentacobro_id_seq
    START WITH 1
    INCREMENT BY 1
    NO MINVALUE
    NO MAXVALUE
    CACHE 1
);


--
-- Name: ingresos_equipo; Type: TABLE; Schema: public; Owner: zenithtron_user
--

CREATE TABLE public.ingresos_equipo (
    id bigint NOT NULL,
    marca character varying(100) NOT NULL,
    modelo character varying(100) NOT NULL,
    serial character varying(100),
    descripcion_general text NOT NULL,
    cliente_id bigint NOT NULL
);


ALTER TABLE public.ingresos_equipo OWNER TO zenithtron_user;

--
-- Name: ingresos_equipo_id_seq; Type: SEQUENCE; Schema: public; Owner: zenithtron_user
--

ALTER TABLE public.ingresos_equipo ALTER COLUMN id ADD GENERATED BY DEFAULT AS IDENTITY (
    SEQUENCE NAME public.ingresos_equipo_id_seq
    START WITH 1
    INCREMENT BY 1
    NO MINVALUE
    NO MAXVALUE
    CACHE 1
);


--
-- Name: ingresos_historialequipo; Type: TABLE; Schema: public; Owner: zenithtron_user
--

CREATE TABLE public.ingresos_historialequipo (
    id bigint NOT NULL,
    fecha timestamp with time zone NOT NULL,
    descripcion text NOT NULL,
    estado character varying(20) NOT NULL,
    costo numeric(10,2),
    ingreso_id bigint NOT NULL
);


ALTER TABLE public.ingresos_historialequipo OWNER TO zenithtron_user;

--
-- Name: ingresos_historialequipo_id_seq; Type: SEQUENCE; Schema: public; Owner: zenithtron_user
--

ALTER TABLE public.ingresos_historialequipo ALTER COLUMN id ADD GENERATED BY DEFAULT AS IDENTITY (
    SEQUENCE NAME public.ingresos_historialequipo_id_seq
    START WITH 1
    INCREMENT BY 1
    NO MINVALUE
    NO MAXVALUE
    CACHE 1
);


--
-- Name: ingresos_imagenhistorial; Type: TABLE; Schema: public; Owner: zenithtron_user
--

CREATE TABLE public.ingresos_imagenhistorial (
    id bigint NOT NULL,
    imagen character varying(100) NOT NULL,
    fecha_subida timestamp with time zone NOT NULL,
    historial_id bigint NOT NULL
);


ALTER TABLE public.ingresos_imagenhistorial OWNER TO zenithtron_user;

--
-- Name: ingresos_imagenhistorial_id_seq; Type: SEQUENCE; Schema: public; Owner: zenithtron_user
--

ALTER TABLE public.ingresos_imagenhistorial ALTER COLUMN id ADD GENERATED BY DEFAULT AS IDENTITY (
    SEQUENCE NAME public.ingresos_imagenhistorial_id_seq
    START WITH 1
    INCREMENT BY 1
    NO MINVALUE
    NO MAXVALUE
    CACHE 1
);


--
-- Name: ingresos_imageningreso; Type: TABLE; Schema: public; Owner: zenithtron_user
--

CREATE TABLE public.ingresos_imageningreso (
    id bigint NOT NULL,
    imagen character varying(100) NOT NULL,
    fecha_subida timestamp with time zone NOT NULL,
    orden integer NOT NULL,
    ingreso_id bigint NOT NULL
);


ALTER TABLE public.ingresos_imageningreso OWNER TO zenithtron_user;

--
-- Name: ingresos_imageningreso_id_seq; Type: SEQUENCE; Schema: public; Owner: zenithtron_user
--

ALTER TABLE public.ingresos_imageningreso ALTER COLUMN id ADD GENERATED BY DEFAULT AS IDENTITY (
    SEQUENCE NAME public.ingresos_imageningreso_id_seq
    START WITH 1
    INCREMENT BY 1
    NO MINVALUE
    NO MAXVALUE
    CACHE 1
);


--
-- Name: ingresos_imagenserial; Type: TABLE; Schema: public; Owner: zenithtron_user
--

CREATE TABLE public.ingresos_imagenserial (
    id bigint NOT NULL,
    imagen character varying(100) NOT NULL,
    fecha_subida timestamp with time zone NOT NULL,
    orden integer NOT NULL,
    equipo_id bigint NOT NULL
);


ALTER TABLE public.ingresos_imagenserial OWNER TO zenithtron_user;

--
-- Name: ingresos_imagenserial_id_seq; Type: SEQUENCE; Schema: public; Owner: zenithtron_user
--

ALTER TABLE public.ingresos_imagenserial ALTER COLUMN id ADD GENERATED BY DEFAULT AS IDENTITY (
    SEQUENCE NAME public.ingresos_imagenserial_id_seq
    START WITH 1
    INCREMENT BY 1
    NO MINVALUE
    NO MAXVALUE
    CACHE 1
);


--
-- Name: ingresos_ingreso; Type: TABLE; Schema: public; Owner: zenithtron_user
--

CREATE TABLE public.ingresos_ingreso (
    id bigint NOT NULL,
    fecha_ingreso timestamp with time zone NOT NULL,
    descripcion_dano text NOT NULL,
    paga_revision boolean NOT NULL,
    estado character varying(20) NOT NULL,
    numero_ingreso character varying(10) NOT NULL,
    es_garantia boolean NOT NULL,
    equipo_id bigint NOT NULL,
    archivado boolean NOT NULL,
    archivado_en timestamp with time zone,
    recibido_por_id bigint
);


ALTER TABLE public.ingresos_ingreso OWNER TO zenithtron_user;

--
-- Name: ingresos_ingreso_id_seq; Type: SEQUENCE; Schema: public; Owner: zenithtron_user
--

ALTER TABLE public.ingresos_ingreso ALTER COLUMN id ADD GENERATED BY DEFAULT AS IDENTITY (
    SEQUENCE NAME public.ingresos_ingreso_id_seq
    START WITH 1
    INCREMENT BY 1
    NO MINVALUE
    NO MAXVALUE
    CACHE 1
);


--
-- Name: ingresos_itemcuentacobro; Type: TABLE; Schema: public; Owner: zenithtron_user
--

CREATE TABLE public.ingresos_itemcuentacobro (
    id bigint NOT NULL,
    cantidad integer NOT NULL,
    concepto text NOT NULL,
    valor_unitario numeric(12,0) NOT NULL,
    cuenta_id bigint NOT NULL,
    CONSTRAINT ingresos_itemcuentacobro_cantidad_check CHECK ((cantidad >= 0))
);


ALTER TABLE public.ingresos_itemcuentacobro OWNER TO zenithtron_user;

--
-- Name: ingresos_itemcuentacobro_id_seq; Type: SEQUENCE; Schema: public; Owner: zenithtron_user
--

ALTER TABLE public.ingresos_itemcuentacobro ALTER COLUMN id ADD GENERATED BY DEFAULT AS IDENTITY (
    SEQUENCE NAME public.ingresos_itemcuentacobro_id_seq
    START WITH 1
    INCREMENT BY 1
    NO MINVALUE
    NO MAXVALUE
    CACHE 1
);


--
-- Name: ingresos_recibidor; Type: TABLE; Schema: public; Owner: zenithtron_user
--

CREATE TABLE public.ingresos_recibidor (
    id bigint NOT NULL,
    nombre character varying(100) NOT NULL,
    activo boolean NOT NULL
);


ALTER TABLE public.ingresos_recibidor OWNER TO zenithtron_user;

--
-- Name: ingresos_recibidor_id_seq; Type: SEQUENCE; Schema: public; Owner: zenithtron_user
--

ALTER TABLE public.ingresos_recibidor ALTER COLUMN id ADD GENERATED BY DEFAULT AS IDENTITY (
    SEQUENCE NAME public.ingresos_recibidor_id_seq
    START WITH 1
    INCREMENT BY 1
    NO MINVALUE
    NO MAXVALUE
    CACHE 1
);


--
-- Name: ingresos_reportetecnico; Type: TABLE; Schema: public; Owner: zenithtron_user
--

CREATE TABLE public.ingresos_reportetecnico (
    id bigint NOT NULL,
    fecha date NOT NULL,
    descripcion_trabajo text NOT NULL,
    valor numeric(12,0) NOT NULL,
    creado_en date NOT NULL,
    ingreso_id bigint NOT NULL
);


ALTER TABLE public.ingresos_reportetecnico OWNER TO zenithtron_user;

--
-- Name: ingresos_reportetecnico_id_seq; Type: SEQUENCE; Schema: public; Owner: zenithtron_user
--

ALTER TABLE public.ingresos_reportetecnico ALTER COLUMN id ADD GENERATED BY DEFAULT AS IDENTITY (
    SEQUENCE NAME public.ingresos_reportetecnico_id_seq
    START WITH 1
    INCREMENT BY 1
    NO MINVALUE
    NO MAXVALUE
    CACHE 1
);


--
-- Data for Name: auth_group; Type: TABLE DATA; Schema: public; Owner: zenithtron_user
--

COPY public.auth_group (id, name) FROM stdin;
\.


--
-- Data for Name: auth_group_permissions; Type: TABLE DATA; Schema: public; Owner: zenithtron_user
--

COPY public.auth_group_permissions (id, group_id, permission_id) FROM stdin;
\.


--
-- Data for Name: auth_permission; Type: TABLE DATA; Schema: public; Owner: zenithtron_user
--

COPY public.auth_permission (id, name, content_type_id, codename) FROM stdin;
1	Can add log entry	1	add_logentry
2	Can change log entry	1	change_logentry
3	Can delete log entry	1	delete_logentry
4	Can view log entry	1	view_logentry
5	Can add permission	3	add_permission
6	Can change permission	3	change_permission
7	Can delete permission	3	delete_permission
8	Can view permission	3	view_permission
9	Can add group	2	add_group
10	Can change group	2	change_group
11	Can delete group	2	delete_group
12	Can view group	2	view_group
13	Can add user	4	add_user
14	Can change user	4	change_user
15	Can delete user	4	delete_user
16	Can view user	4	view_user
17	Can add content type	5	add_contenttype
18	Can change content type	5	change_contenttype
19	Can delete content type	5	delete_contenttype
20	Can view content type	5	view_contenttype
21	Can add session	6	add_session
22	Can change session	6	change_session
23	Can delete session	6	delete_session
24	Can view session	6	view_session
25	Can add cliente	7	add_cliente
26	Can change cliente	7	change_cliente
27	Can delete cliente	7	delete_cliente
28	Can view cliente	7	view_cliente
29	Can add Contador de Ingreso	8	add_contadoringreso
30	Can change Contador de Ingreso	8	change_contadoringreso
31	Can delete Contador de Ingreso	8	delete_contadoringreso
32	Can view Contador de Ingreso	8	view_contadoringreso
33	Can add historial equipo	11	add_historialequipo
34	Can change historial equipo	11	change_historialequipo
35	Can delete historial equipo	11	delete_historialequipo
36	Can view historial equipo	11	view_historialequipo
37	Can add equipo	10	add_equipo
38	Can change equipo	10	change_equipo
39	Can delete equipo	10	delete_equipo
40	Can view equipo	10	view_equipo
41	Can add imagen historial	12	add_imagenhistorial
42	Can change imagen historial	12	change_imagenhistorial
43	Can delete imagen historial	12	delete_imagenhistorial
44	Can view imagen historial	12	view_imagenhistorial
45	Can add Imagen de serial	14	add_imagenserial
46	Can change Imagen de serial	14	change_imagenserial
47	Can delete Imagen de serial	14	delete_imagenserial
48	Can view Imagen de serial	14	view_imagenserial
49	Can add Ingreso	15	add_ingreso
50	Can change Ingreso	15	change_ingreso
51	Can delete Ingreso	15	delete_ingreso
52	Can view Ingreso	15	view_ingreso
53	Can add imagen ingreso	13	add_imageningreso
54	Can change imagen ingreso	13	change_imageningreso
55	Can delete imagen ingreso	13	delete_imageningreso
56	Can view imagen ingreso	13	view_imageningreso
57	Can add Recibidor	17	add_recibidor
58	Can change Recibidor	17	change_recibidor
59	Can delete Recibidor	17	delete_recibidor
60	Can view Recibidor	17	view_recibidor
61	Can add Reporte Técnico	18	add_reportetecnico
62	Can change Reporte Técnico	18	change_reportetecnico
63	Can delete Reporte Técnico	18	delete_reportetecnico
64	Can view Reporte Técnico	18	view_reportetecnico
65	Can add cuenta cobro	9	add_cuentacobro
66	Can change cuenta cobro	9	change_cuentacobro
67	Can delete cuenta cobro	9	delete_cuentacobro
68	Can view cuenta cobro	9	view_cuentacobro
69	Can add item cuenta cobro	16	add_itemcuentacobro
70	Can change item cuenta cobro	16	change_itemcuentacobro
71	Can delete item cuenta cobro	16	delete_itemcuentacobro
72	Can view item cuenta cobro	16	view_itemcuentacobro
\.


--
-- Data for Name: auth_user; Type: TABLE DATA; Schema: public; Owner: zenithtron_user
--

COPY public.auth_user (id, password, last_login, is_superuser, username, first_name, last_name, email, is_staff, is_active, date_joined) FROM stdin;
1	pbkdf2_sha256$1200000$7aeu9j6jgDxky9Av6KPYCI$WB59azeA5n49FjAuwXf7EcJBvda0ZFweOgN+eAAfEZo=	2026-05-01 14:48:21.148495-05	t	admin			admin@admin.com	t	t	2026-05-01 13:09:26.263412-05
\.


--
-- Data for Name: auth_user_groups; Type: TABLE DATA; Schema: public; Owner: zenithtron_user
--

COPY public.auth_user_groups (id, user_id, group_id) FROM stdin;
\.


--
-- Data for Name: auth_user_user_permissions; Type: TABLE DATA; Schema: public; Owner: zenithtron_user
--

COPY public.auth_user_user_permissions (id, user_id, permission_id) FROM stdin;
\.


--
-- Data for Name: django_admin_log; Type: TABLE DATA; Schema: public; Owner: zenithtron_user
--

COPY public.django_admin_log (id, action_time, object_id, object_repr, action_flag, change_message, content_type_id, user_id) FROM stdin;
1	2026-05-01 14:48:40.542434-05	2	Cesar	1	[{"added": {}}]	17	1
\.


--
-- Data for Name: django_content_type; Type: TABLE DATA; Schema: public; Owner: zenithtron_user
--

COPY public.django_content_type (id, app_label, model) FROM stdin;
1	admin	logentry
2	auth	group
3	auth	permission
4	auth	user
5	contenttypes	contenttype
6	sessions	session
7	ingresos	cliente
8	ingresos	contadoringreso
9	ingresos	cuentacobro
10	ingresos	equipo
11	ingresos	historialequipo
12	ingresos	imagenhistorial
13	ingresos	imageningreso
14	ingresos	imagenserial
15	ingresos	ingreso
16	ingresos	itemcuentacobro
17	ingresos	recibidor
18	ingresos	reportetecnico
\.


--
-- Data for Name: django_migrations; Type: TABLE DATA; Schema: public; Owner: zenithtron_user
--

COPY public.django_migrations (id, app, name, applied) FROM stdin;
1	contenttypes	0001_initial	2026-05-01 13:01:10.130644-05
2	auth	0001_initial	2026-05-01 13:01:10.260166-05
3	admin	0001_initial	2026-05-01 13:01:10.296436-05
4	admin	0002_logentry_remove_auto_add	2026-05-01 13:01:10.309289-05
5	admin	0003_logentry_add_action_flag_choices	2026-05-01 13:01:10.328215-05
6	contenttypes	0002_remove_content_type_name	2026-05-01 13:01:10.353149-05
7	auth	0002_alter_permission_name_max_length	2026-05-01 13:01:10.371811-05
8	auth	0003_alter_user_email_max_length	2026-05-01 13:01:10.389027-05
9	auth	0004_alter_user_username_opts	2026-05-01 13:01:10.406722-05
10	auth	0005_alter_user_last_login_null	2026-05-01 13:01:10.422051-05
11	auth	0006_require_contenttypes_0002	2026-05-01 13:01:10.426758-05
12	auth	0007_alter_validators_add_error_messages	2026-05-01 13:01:10.444806-05
13	auth	0008_alter_user_username_max_length	2026-05-01 13:01:10.46849-05
14	auth	0009_alter_user_last_name_max_length	2026-05-01 13:01:10.483463-05
15	auth	0010_alter_group_name_max_length	2026-05-01 13:01:10.50217-05
16	auth	0011_update_proxy_permissions	2026-05-01 13:01:10.515573-05
17	auth	0012_alter_user_first_name_max_length	2026-05-01 13:01:10.534008-05
18	ingresos	0001_initial	2026-05-01 13:01:10.718239-05
19	ingresos	0002_alter_historialequipo_fecha_and_more	2026-05-01 13:01:10.822152-05
20	ingresos	0003_ingreso_archivado_ingreso_archivado_en	2026-05-01 13:01:10.871653-05
21	ingresos	0004_alter_historialequipo_estado_alter_ingreso_estado	2026-05-01 13:01:10.893771-05
22	ingresos	0005_alter_contadoringreso_options_and_more	2026-05-01 13:01:10.919892-05
23	ingresos	0006_recibidor	2026-05-01 13:01:10.933315-05
24	ingresos	0007_ingreso_recibido_por_nuevo	2026-05-01 13:01:10.96148-05
25	ingresos	0008_migrar_recibido_por	2026-05-01 13:01:10.993807-05
26	ingresos	0009_finalizar_recibido_por	2026-05-01 13:01:11.05162-05
27	ingresos	0010_reportetecnico	2026-05-01 13:01:11.083206-05
28	ingresos	0011_cuentacobro_itemcuentacobro	2026-05-01 13:01:11.144289-05
29	ingresos	0012_alter_cuentacobro_numero	2026-05-01 13:01:11.175279-05
30	ingresos	0013_alter_cuentacobro_numero	2026-05-01 13:01:11.211646-05
31	sessions	0001_initial	2026-05-01 13:01:11.23514-05
\.


--
-- Data for Name: django_session; Type: TABLE DATA; Schema: public; Owner: zenithtron_user
--

COPY public.django_session (session_key, session_data, expire_date) FROM stdin;
1ljfi4gxxxgc0ijrkpc4jy9ijqtdbqyz	.eJxVjEsOwjAMBe-SNYrcOsqHJXvOENlOTAuolZp2hbg7VOoCtm9m3stk2tYhb60ueSzmbDpz-t2Y5FGnHZQ7TbfZyjyty8h2V-xBm73OpT4vh_t3MFAbvrVS13voiwgGwppQITgFjioBhRk6DlDIOwnKGhESxsoOUH0NicG8P_dJOFQ:1wItqX:BRAY-VSUexIqcUJyotvxSgaoj4_i8Qiufw-gX3LyRlY	2026-05-15 14:48:21.152432-05
\.


--
-- Data for Name: ingresos_cliente; Type: TABLE DATA; Schema: public; Owner: zenithtron_user
--

COPY public.ingresos_cliente (id, nombre, celular, referencia) FROM stdin;
1	Sebastian Berrio	3001112233	Amigo
2	Sebastian Berrio	3235015106	TikTok
3	Sebastian	3218997752	Facebook
4	Alvaro	3012258822	Amigo
\.


--
-- Data for Name: ingresos_contadoringreso; Type: TABLE DATA; Schema: public; Owner: zenithtron_user
--

COPY public.ingresos_contadoringreso (id, ultimo_numero) FROM stdin;
1	3
\.


--
-- Data for Name: ingresos_cuentacobro; Type: TABLE DATA; Schema: public; Owner: zenithtron_user
--

COPY public.ingresos_cuentacobro (id, numero, fecha, nombre, id_cedula, direccion, telefono, ciudad, forma_pago, ingreso_id) FROM stdin;
\.


--
-- Data for Name: ingresos_equipo; Type: TABLE DATA; Schema: public; Owner: zenithtron_user
--

COPY public.ingresos_equipo (id, marca, modelo, serial, descripcion_general, cliente_id) FROM stdin;
1	Marantz	cabinon	123456789AE	dsadssa	1
2	Sonos	SoundTouch 30	123456789AE	sdsd	2
3	JBL	Si	Y	Vsbs	3
4	dsa	cabinon	79111Z534789AE	as	4
5	Denon	SoundTouch 30	0178AER	re	1
\.


--
-- Data for Name: ingresos_historialequipo; Type: TABLE DATA; Schema: public; Owner: zenithtron_user
--

COPY public.ingresos_historialequipo (id, fecha, descripcion, estado, costo, ingreso_id) FROM stdin;
1	2026-05-01 14:59:13.419041-05	gdf	reparacion	\N	7
2	2026-05-01 14:59:21.528034-05	gdf	reparacion	\N	7
3	2026-05-01 15:20:24.917314-05	cvfdfd	entregado	\N	7
4	2026-05-01 15:21:56.640856-05	sfa	entregado	\N	7
5	2026-05-01 15:22:00.147442-05	sfa	entregado	\N	7
6	2026-05-01 15:22:28.47257-05	sfa	entregado	\N	7
7	2026-05-01 15:26:41.097139-05	sfa	entregado	\N	7
8	2026-05-01 15:27:35.881418-05	sdads	entregado	\N	9
9	2026-05-01 15:28:22.662441-05	asd	autorizado	\N	9
\.


--
-- Data for Name: ingresos_imagenhistorial; Type: TABLE DATA; Schema: public; Owner: zenithtron_user
--

COPY public.ingresos_imagenhistorial (id, imagen, fecha_subida, historial_id) FROM stdin;
1	historial/fotoThrone.webp	2026-05-01 15:26:41.258652-05	7
2	historial/Figure_1.webp	2026-05-01 15:27:35.914697-05	8
3	historial/logo_WQiIqT1.webp	2026-05-01 15:28:22.801609-05	9
\.


--
-- Data for Name: ingresos_imageningreso; Type: TABLE DATA; Schema: public; Owner: zenithtron_user
--

COPY public.ingresos_imageningreso (id, imagen, fecha_subida, orden, ingreso_id) FROM stdin;
1	ingresosMedia/0002/0002_1.webp	2026-05-01 15:27:09.804735-05	1	9
2	ingresosMedia/0003/0003_1.webp	2026-05-01 15:36:26.170729-05	1	10
\.


--
-- Data for Name: ingresos_imagenserial; Type: TABLE DATA; Schema: public; Owner: zenithtron_user
--

COPY public.ingresos_imagenserial (id, imagen, fecha_subida, orden, equipo_id) FROM stdin;
1	equipos/4/4_1.webp	2026-05-01 15:27:09.856648-05	1	4
2	equipos/5/5_1.webp	2026-05-01 15:36:26.539427-05	1	5
\.


--
-- Data for Name: ingresos_ingreso; Type: TABLE DATA; Schema: public; Owner: zenithtron_user
--

COPY public.ingresos_ingreso (id, fecha_ingreso, descripcion_dano, paga_revision, estado, numero_ingreso, es_garantia, equipo_id, archivado, archivado_en, recibido_por_id) FROM stdin;
9	2026-05-01 15:27:09.747116-05	asd	t	autorizado	0002	f	4	f	\N	1
10	2026-05-01 15:36:25.022251-05	ewrw	t	pendiente	0003	f	5	f	\N	1
7	2026-05-01 14:58:56.821015-05	sdsa	t	entregado	0001	f	2	t	2026-05-01 15:40:16.23691-05	2
\.


--
-- Data for Name: ingresos_itemcuentacobro; Type: TABLE DATA; Schema: public; Owner: zenithtron_user
--

COPY public.ingresos_itemcuentacobro (id, cantidad, concepto, valor_unitario, cuenta_id) FROM stdin;
\.


--
-- Data for Name: ingresos_recibidor; Type: TABLE DATA; Schema: public; Owner: zenithtron_user
--

COPY public.ingresos_recibidor (id, nombre, activo) FROM stdin;
1	Cristian Usuga	t
2	Cesar	t
\.


--
-- Data for Name: ingresos_reportetecnico; Type: TABLE DATA; Schema: public; Owner: zenithtron_user
--

COPY public.ingresos_reportetecnico (id, fecha, descripcion_trabajo, valor, creado_en, ingreso_id) FROM stdin;
\.


--
-- Name: auth_group_id_seq; Type: SEQUENCE SET; Schema: public; Owner: zenithtron_user
--

SELECT pg_catalog.setval('public.auth_group_id_seq', 1, false);


--
-- Name: auth_group_permissions_id_seq; Type: SEQUENCE SET; Schema: public; Owner: zenithtron_user
--

SELECT pg_catalog.setval('public.auth_group_permissions_id_seq', 1, false);


--
-- Name: auth_permission_id_seq; Type: SEQUENCE SET; Schema: public; Owner: zenithtron_user
--

SELECT pg_catalog.setval('public.auth_permission_id_seq', 72, true);


--
-- Name: auth_user_groups_id_seq; Type: SEQUENCE SET; Schema: public; Owner: zenithtron_user
--

SELECT pg_catalog.setval('public.auth_user_groups_id_seq', 1, false);


--
-- Name: auth_user_id_seq; Type: SEQUENCE SET; Schema: public; Owner: zenithtron_user
--

SELECT pg_catalog.setval('public.auth_user_id_seq', 1, true);


--
-- Name: auth_user_user_permissions_id_seq; Type: SEQUENCE SET; Schema: public; Owner: zenithtron_user
--

SELECT pg_catalog.setval('public.auth_user_user_permissions_id_seq', 1, false);


--
-- Name: django_admin_log_id_seq; Type: SEQUENCE SET; Schema: public; Owner: zenithtron_user
--

SELECT pg_catalog.setval('public.django_admin_log_id_seq', 1, true);


--
-- Name: django_content_type_id_seq; Type: SEQUENCE SET; Schema: public; Owner: zenithtron_user
--

SELECT pg_catalog.setval('public.django_content_type_id_seq', 18, true);


--
-- Name: django_migrations_id_seq; Type: SEQUENCE SET; Schema: public; Owner: zenithtron_user
--

SELECT pg_catalog.setval('public.django_migrations_id_seq', 31, true);


--
-- Name: ingresos_cliente_id_seq; Type: SEQUENCE SET; Schema: public; Owner: zenithtron_user
--

SELECT pg_catalog.setval('public.ingresos_cliente_id_seq', 4, true);


--
-- Name: ingresos_contadoringreso_id_seq; Type: SEQUENCE SET; Schema: public; Owner: zenithtron_user
--

SELECT pg_catalog.setval('public.ingresos_contadoringreso_id_seq', 1, false);


--
-- Name: ingresos_cuentacobro_id_seq; Type: SEQUENCE SET; Schema: public; Owner: zenithtron_user
--

SELECT pg_catalog.setval('public.ingresos_cuentacobro_id_seq', 1, false);


--
-- Name: ingresos_equipo_id_seq; Type: SEQUENCE SET; Schema: public; Owner: zenithtron_user
--

SELECT pg_catalog.setval('public.ingresos_equipo_id_seq', 5, true);


--
-- Name: ingresos_historialequipo_id_seq; Type: SEQUENCE SET; Schema: public; Owner: zenithtron_user
--

SELECT pg_catalog.setval('public.ingresos_historialequipo_id_seq', 9, true);


--
-- Name: ingresos_imagenhistorial_id_seq; Type: SEQUENCE SET; Schema: public; Owner: zenithtron_user
--

SELECT pg_catalog.setval('public.ingresos_imagenhistorial_id_seq', 3, true);


--
-- Name: ingresos_imageningreso_id_seq; Type: SEQUENCE SET; Schema: public; Owner: zenithtron_user
--

SELECT pg_catalog.setval('public.ingresos_imageningreso_id_seq', 2, true);


--
-- Name: ingresos_imagenserial_id_seq; Type: SEQUENCE SET; Schema: public; Owner: zenithtron_user
--

SELECT pg_catalog.setval('public.ingresos_imagenserial_id_seq', 2, true);


--
-- Name: ingresos_ingreso_id_seq; Type: SEQUENCE SET; Schema: public; Owner: zenithtron_user
--

SELECT pg_catalog.setval('public.ingresos_ingreso_id_seq', 10, true);


--
-- Name: ingresos_itemcuentacobro_id_seq; Type: SEQUENCE SET; Schema: public; Owner: zenithtron_user
--

SELECT pg_catalog.setval('public.ingresos_itemcuentacobro_id_seq', 1, false);


--
-- Name: ingresos_recibidor_id_seq; Type: SEQUENCE SET; Schema: public; Owner: zenithtron_user
--

SELECT pg_catalog.setval('public.ingresos_recibidor_id_seq', 2, true);


--
-- Name: ingresos_reportetecnico_id_seq; Type: SEQUENCE SET; Schema: public; Owner: zenithtron_user
--

SELECT pg_catalog.setval('public.ingresos_reportetecnico_id_seq', 1, false);


--
-- Name: auth_group auth_group_name_key; Type: CONSTRAINT; Schema: public; Owner: zenithtron_user
--

ALTER TABLE ONLY public.auth_group
    ADD CONSTRAINT auth_group_name_key UNIQUE (name);


--
-- Name: auth_group_permissions auth_group_permissions_group_id_permission_id_0cd325b0_uniq; Type: CONSTRAINT; Schema: public; Owner: zenithtron_user
--

ALTER TABLE ONLY public.auth_group_permissions
    ADD CONSTRAINT auth_group_permissions_group_id_permission_id_0cd325b0_uniq UNIQUE (group_id, permission_id);


--
-- Name: auth_group_permissions auth_group_permissions_pkey; Type: CONSTRAINT; Schema: public; Owner: zenithtron_user
--

ALTER TABLE ONLY public.auth_group_permissions
    ADD CONSTRAINT auth_group_permissions_pkey PRIMARY KEY (id);


--
-- Name: auth_group auth_group_pkey; Type: CONSTRAINT; Schema: public; Owner: zenithtron_user
--

ALTER TABLE ONLY public.auth_group
    ADD CONSTRAINT auth_group_pkey PRIMARY KEY (id);


--
-- Name: auth_permission auth_permission_content_type_id_codename_01ab375a_uniq; Type: CONSTRAINT; Schema: public; Owner: zenithtron_user
--

ALTER TABLE ONLY public.auth_permission
    ADD CONSTRAINT auth_permission_content_type_id_codename_01ab375a_uniq UNIQUE (content_type_id, codename);


--
-- Name: auth_permission auth_permission_pkey; Type: CONSTRAINT; Schema: public; Owner: zenithtron_user
--

ALTER TABLE ONLY public.auth_permission
    ADD CONSTRAINT auth_permission_pkey PRIMARY KEY (id);


--
-- Name: auth_user_groups auth_user_groups_pkey; Type: CONSTRAINT; Schema: public; Owner: zenithtron_user
--

ALTER TABLE ONLY public.auth_user_groups
    ADD CONSTRAINT auth_user_groups_pkey PRIMARY KEY (id);


--
-- Name: auth_user_groups auth_user_groups_user_id_group_id_94350c0c_uniq; Type: CONSTRAINT; Schema: public; Owner: zenithtron_user
--

ALTER TABLE ONLY public.auth_user_groups
    ADD CONSTRAINT auth_user_groups_user_id_group_id_94350c0c_uniq UNIQUE (user_id, group_id);


--
-- Name: auth_user auth_user_pkey; Type: CONSTRAINT; Schema: public; Owner: zenithtron_user
--

ALTER TABLE ONLY public.auth_user
    ADD CONSTRAINT auth_user_pkey PRIMARY KEY (id);


--
-- Name: auth_user_user_permissions auth_user_user_permissions_pkey; Type: CONSTRAINT; Schema: public; Owner: zenithtron_user
--

ALTER TABLE ONLY public.auth_user_user_permissions
    ADD CONSTRAINT auth_user_user_permissions_pkey PRIMARY KEY (id);


--
-- Name: auth_user_user_permissions auth_user_user_permissions_user_id_permission_id_14a6b632_uniq; Type: CONSTRAINT; Schema: public; Owner: zenithtron_user
--

ALTER TABLE ONLY public.auth_user_user_permissions
    ADD CONSTRAINT auth_user_user_permissions_user_id_permission_id_14a6b632_uniq UNIQUE (user_id, permission_id);


--
-- Name: auth_user auth_user_username_key; Type: CONSTRAINT; Schema: public; Owner: zenithtron_user
--

ALTER TABLE ONLY public.auth_user
    ADD CONSTRAINT auth_user_username_key UNIQUE (username);


--
-- Name: django_admin_log django_admin_log_pkey; Type: CONSTRAINT; Schema: public; Owner: zenithtron_user
--

ALTER TABLE ONLY public.django_admin_log
    ADD CONSTRAINT django_admin_log_pkey PRIMARY KEY (id);


--
-- Name: django_content_type django_content_type_app_label_model_76bd3d3b_uniq; Type: CONSTRAINT; Schema: public; Owner: zenithtron_user
--

ALTER TABLE ONLY public.django_content_type
    ADD CONSTRAINT django_content_type_app_label_model_76bd3d3b_uniq UNIQUE (app_label, model);


--
-- Name: django_content_type django_content_type_pkey; Type: CONSTRAINT; Schema: public; Owner: zenithtron_user
--

ALTER TABLE ONLY public.django_content_type
    ADD CONSTRAINT django_content_type_pkey PRIMARY KEY (id);


--
-- Name: django_migrations django_migrations_pkey; Type: CONSTRAINT; Schema: public; Owner: zenithtron_user
--

ALTER TABLE ONLY public.django_migrations
    ADD CONSTRAINT django_migrations_pkey PRIMARY KEY (id);


--
-- Name: django_session django_session_pkey; Type: CONSTRAINT; Schema: public; Owner: zenithtron_user
--

ALTER TABLE ONLY public.django_session
    ADD CONSTRAINT django_session_pkey PRIMARY KEY (session_key);


--
-- Name: ingresos_cliente ingresos_cliente_pkey; Type: CONSTRAINT; Schema: public; Owner: zenithtron_user
--

ALTER TABLE ONLY public.ingresos_cliente
    ADD CONSTRAINT ingresos_cliente_pkey PRIMARY KEY (id);


--
-- Name: ingresos_contadoringreso ingresos_contadoringreso_pkey; Type: CONSTRAINT; Schema: public; Owner: zenithtron_user
--

ALTER TABLE ONLY public.ingresos_contadoringreso
    ADD CONSTRAINT ingresos_contadoringreso_pkey PRIMARY KEY (id);


--
-- Name: ingresos_cuentacobro ingresos_cuentacobro_numero_key; Type: CONSTRAINT; Schema: public; Owner: zenithtron_user
--

ALTER TABLE ONLY public.ingresos_cuentacobro
    ADD CONSTRAINT ingresos_cuentacobro_numero_key UNIQUE (numero);


--
-- Name: ingresos_cuentacobro ingresos_cuentacobro_pkey; Type: CONSTRAINT; Schema: public; Owner: zenithtron_user
--

ALTER TABLE ONLY public.ingresos_cuentacobro
    ADD CONSTRAINT ingresos_cuentacobro_pkey PRIMARY KEY (id);


--
-- Name: ingresos_equipo ingresos_equipo_pkey; Type: CONSTRAINT; Schema: public; Owner: zenithtron_user
--

ALTER TABLE ONLY public.ingresos_equipo
    ADD CONSTRAINT ingresos_equipo_pkey PRIMARY KEY (id);


--
-- Name: ingresos_historialequipo ingresos_historialequipo_pkey; Type: CONSTRAINT; Schema: public; Owner: zenithtron_user
--

ALTER TABLE ONLY public.ingresos_historialequipo
    ADD CONSTRAINT ingresos_historialequipo_pkey PRIMARY KEY (id);


--
-- Name: ingresos_imagenhistorial ingresos_imagenhistorial_pkey; Type: CONSTRAINT; Schema: public; Owner: zenithtron_user
--

ALTER TABLE ONLY public.ingresos_imagenhistorial
    ADD CONSTRAINT ingresos_imagenhistorial_pkey PRIMARY KEY (id);


--
-- Name: ingresos_imageningreso ingresos_imageningreso_pkey; Type: CONSTRAINT; Schema: public; Owner: zenithtron_user
--

ALTER TABLE ONLY public.ingresos_imageningreso
    ADD CONSTRAINT ingresos_imageningreso_pkey PRIMARY KEY (id);


--
-- Name: ingresos_imagenserial ingresos_imagenserial_pkey; Type: CONSTRAINT; Schema: public; Owner: zenithtron_user
--

ALTER TABLE ONLY public.ingresos_imagenserial
    ADD CONSTRAINT ingresos_imagenserial_pkey PRIMARY KEY (id);


--
-- Name: ingresos_ingreso ingresos_ingreso_numero_ingreso_key; Type: CONSTRAINT; Schema: public; Owner: zenithtron_user
--

ALTER TABLE ONLY public.ingresos_ingreso
    ADD CONSTRAINT ingresos_ingreso_numero_ingreso_key UNIQUE (numero_ingreso);


--
-- Name: ingresos_ingreso ingresos_ingreso_pkey; Type: CONSTRAINT; Schema: public; Owner: zenithtron_user
--

ALTER TABLE ONLY public.ingresos_ingreso
    ADD CONSTRAINT ingresos_ingreso_pkey PRIMARY KEY (id);


--
-- Name: ingresos_itemcuentacobro ingresos_itemcuentacobro_pkey; Type: CONSTRAINT; Schema: public; Owner: zenithtron_user
--

ALTER TABLE ONLY public.ingresos_itemcuentacobro
    ADD CONSTRAINT ingresos_itemcuentacobro_pkey PRIMARY KEY (id);


--
-- Name: ingresos_recibidor ingresos_recibidor_pkey; Type: CONSTRAINT; Schema: public; Owner: zenithtron_user
--

ALTER TABLE ONLY public.ingresos_recibidor
    ADD CONSTRAINT ingresos_recibidor_pkey PRIMARY KEY (id);


--
-- Name: ingresos_reportetecnico ingresos_reportetecnico_pkey; Type: CONSTRAINT; Schema: public; Owner: zenithtron_user
--

ALTER TABLE ONLY public.ingresos_reportetecnico
    ADD CONSTRAINT ingresos_reportetecnico_pkey PRIMARY KEY (id);


--
-- Name: auth_group_name_a6ea08ec_like; Type: INDEX; Schema: public; Owner: zenithtron_user
--

CREATE INDEX auth_group_name_a6ea08ec_like ON public.auth_group USING btree (name varchar_pattern_ops);


--
-- Name: auth_group_permissions_group_id_b120cbf9; Type: INDEX; Schema: public; Owner: zenithtron_user
--

CREATE INDEX auth_group_permissions_group_id_b120cbf9 ON public.auth_group_permissions USING btree (group_id);


--
-- Name: auth_group_permissions_permission_id_84c5c92e; Type: INDEX; Schema: public; Owner: zenithtron_user
--

CREATE INDEX auth_group_permissions_permission_id_84c5c92e ON public.auth_group_permissions USING btree (permission_id);


--
-- Name: auth_permission_content_type_id_2f476e4b; Type: INDEX; Schema: public; Owner: zenithtron_user
--

CREATE INDEX auth_permission_content_type_id_2f476e4b ON public.auth_permission USING btree (content_type_id);


--
-- Name: auth_user_groups_group_id_97559544; Type: INDEX; Schema: public; Owner: zenithtron_user
--

CREATE INDEX auth_user_groups_group_id_97559544 ON public.auth_user_groups USING btree (group_id);


--
-- Name: auth_user_groups_user_id_6a12ed8b; Type: INDEX; Schema: public; Owner: zenithtron_user
--

CREATE INDEX auth_user_groups_user_id_6a12ed8b ON public.auth_user_groups USING btree (user_id);


--
-- Name: auth_user_user_permissions_permission_id_1fbb5f2c; Type: INDEX; Schema: public; Owner: zenithtron_user
--

CREATE INDEX auth_user_user_permissions_permission_id_1fbb5f2c ON public.auth_user_user_permissions USING btree (permission_id);


--
-- Name: auth_user_user_permissions_user_id_a95ead1b; Type: INDEX; Schema: public; Owner: zenithtron_user
--

CREATE INDEX auth_user_user_permissions_user_id_a95ead1b ON public.auth_user_user_permissions USING btree (user_id);


--
-- Name: auth_user_username_6821ab7c_like; Type: INDEX; Schema: public; Owner: zenithtron_user
--

CREATE INDEX auth_user_username_6821ab7c_like ON public.auth_user USING btree (username varchar_pattern_ops);


--
-- Name: django_admin_log_content_type_id_c4bce8eb; Type: INDEX; Schema: public; Owner: zenithtron_user
--

CREATE INDEX django_admin_log_content_type_id_c4bce8eb ON public.django_admin_log USING btree (content_type_id);


--
-- Name: django_admin_log_user_id_c564eba6; Type: INDEX; Schema: public; Owner: zenithtron_user
--

CREATE INDEX django_admin_log_user_id_c564eba6 ON public.django_admin_log USING btree (user_id);


--
-- Name: django_session_expire_date_a5c62663; Type: INDEX; Schema: public; Owner: zenithtron_user
--

CREATE INDEX django_session_expire_date_a5c62663 ON public.django_session USING btree (expire_date);


--
-- Name: django_session_session_key_c0390e0f_like; Type: INDEX; Schema: public; Owner: zenithtron_user
--

CREATE INDEX django_session_session_key_c0390e0f_like ON public.django_session USING btree (session_key varchar_pattern_ops);


--
-- Name: ingresos_cuentacobro_ingreso_id_9c8d2e4f; Type: INDEX; Schema: public; Owner: zenithtron_user
--

CREATE INDEX ingresos_cuentacobro_ingreso_id_9c8d2e4f ON public.ingresos_cuentacobro USING btree (ingreso_id);


--
-- Name: ingresos_equipo_cliente_id_7573b066; Type: INDEX; Schema: public; Owner: zenithtron_user
--

CREATE INDEX ingresos_equipo_cliente_id_7573b066 ON public.ingresos_equipo USING btree (cliente_id);


--
-- Name: ingresos_historialequipo_ingreso_id_9acc0825; Type: INDEX; Schema: public; Owner: zenithtron_user
--

CREATE INDEX ingresos_historialequipo_ingreso_id_9acc0825 ON public.ingresos_historialequipo USING btree (ingreso_id);


--
-- Name: ingresos_imagenhistorial_historial_id_690cce1e; Type: INDEX; Schema: public; Owner: zenithtron_user
--

CREATE INDEX ingresos_imagenhistorial_historial_id_690cce1e ON public.ingresos_imagenhistorial USING btree (historial_id);


--
-- Name: ingresos_imageningreso_ingreso_id_45e88d05; Type: INDEX; Schema: public; Owner: zenithtron_user
--

CREATE INDEX ingresos_imageningreso_ingreso_id_45e88d05 ON public.ingresos_imageningreso USING btree (ingreso_id);


--
-- Name: ingresos_imagenserial_equipo_id_03e95342; Type: INDEX; Schema: public; Owner: zenithtron_user
--

CREATE INDEX ingresos_imagenserial_equipo_id_03e95342 ON public.ingresos_imagenserial USING btree (equipo_id);


--
-- Name: ingresos_ingreso_archivado_6a94772c; Type: INDEX; Schema: public; Owner: zenithtron_user
--

CREATE INDEX ingresos_ingreso_archivado_6a94772c ON public.ingresos_ingreso USING btree (archivado);


--
-- Name: ingresos_ingreso_equipo_id_e8f19697; Type: INDEX; Schema: public; Owner: zenithtron_user
--

CREATE INDEX ingresos_ingreso_equipo_id_e8f19697 ON public.ingresos_ingreso USING btree (equipo_id);


--
-- Name: ingresos_ingreso_estado_ca77fb39; Type: INDEX; Schema: public; Owner: zenithtron_user
--

CREATE INDEX ingresos_ingreso_estado_ca77fb39 ON public.ingresos_ingreso USING btree (estado);


--
-- Name: ingresos_ingreso_estado_ca77fb39_like; Type: INDEX; Schema: public; Owner: zenithtron_user
--

CREATE INDEX ingresos_ingreso_estado_ca77fb39_like ON public.ingresos_ingreso USING btree (estado varchar_pattern_ops);


--
-- Name: ingresos_ingreso_fecha_ingreso_21fe0b65; Type: INDEX; Schema: public; Owner: zenithtron_user
--

CREATE INDEX ingresos_ingreso_fecha_ingreso_21fe0b65 ON public.ingresos_ingreso USING btree (fecha_ingreso);


--
-- Name: ingresos_ingreso_numero_ingreso_f4b38f72_like; Type: INDEX; Schema: public; Owner: zenithtron_user
--

CREATE INDEX ingresos_ingreso_numero_ingreso_f4b38f72_like ON public.ingresos_ingreso USING btree (numero_ingreso varchar_pattern_ops);


--
-- Name: ingresos_ingreso_recibido_por_id_ba8d8115; Type: INDEX; Schema: public; Owner: zenithtron_user
--

CREATE INDEX ingresos_ingreso_recibido_por_id_ba8d8115 ON public.ingresos_ingreso USING btree (recibido_por_id);


--
-- Name: ingresos_itemcuentacobro_cuenta_id_e82ddd4e; Type: INDEX; Schema: public; Owner: zenithtron_user
--

CREATE INDEX ingresos_itemcuentacobro_cuenta_id_e82ddd4e ON public.ingresos_itemcuentacobro USING btree (cuenta_id);


--
-- Name: ingresos_reportetecnico_ingreso_id_53c6b998; Type: INDEX; Schema: public; Owner: zenithtron_user
--

CREATE INDEX ingresos_reportetecnico_ingreso_id_53c6b998 ON public.ingresos_reportetecnico USING btree (ingreso_id);


--
-- Name: auth_group_permissions auth_group_permissio_permission_id_84c5c92e_fk_auth_perm; Type: FK CONSTRAINT; Schema: public; Owner: zenithtron_user
--

ALTER TABLE ONLY public.auth_group_permissions
    ADD CONSTRAINT auth_group_permissio_permission_id_84c5c92e_fk_auth_perm FOREIGN KEY (permission_id) REFERENCES public.auth_permission(id) DEFERRABLE INITIALLY DEFERRED;


--
-- Name: auth_group_permissions auth_group_permissions_group_id_b120cbf9_fk_auth_group_id; Type: FK CONSTRAINT; Schema: public; Owner: zenithtron_user
--

ALTER TABLE ONLY public.auth_group_permissions
    ADD CONSTRAINT auth_group_permissions_group_id_b120cbf9_fk_auth_group_id FOREIGN KEY (group_id) REFERENCES public.auth_group(id) DEFERRABLE INITIALLY DEFERRED;


--
-- Name: auth_permission auth_permission_content_type_id_2f476e4b_fk_django_co; Type: FK CONSTRAINT; Schema: public; Owner: zenithtron_user
--

ALTER TABLE ONLY public.auth_permission
    ADD CONSTRAINT auth_permission_content_type_id_2f476e4b_fk_django_co FOREIGN KEY (content_type_id) REFERENCES public.django_content_type(id) DEFERRABLE INITIALLY DEFERRED;


--
-- Name: auth_user_groups auth_user_groups_group_id_97559544_fk_auth_group_id; Type: FK CONSTRAINT; Schema: public; Owner: zenithtron_user
--

ALTER TABLE ONLY public.auth_user_groups
    ADD CONSTRAINT auth_user_groups_group_id_97559544_fk_auth_group_id FOREIGN KEY (group_id) REFERENCES public.auth_group(id) DEFERRABLE INITIALLY DEFERRED;


--
-- Name: auth_user_groups auth_user_groups_user_id_6a12ed8b_fk_auth_user_id; Type: FK CONSTRAINT; Schema: public; Owner: zenithtron_user
--

ALTER TABLE ONLY public.auth_user_groups
    ADD CONSTRAINT auth_user_groups_user_id_6a12ed8b_fk_auth_user_id FOREIGN KEY (user_id) REFERENCES public.auth_user(id) DEFERRABLE INITIALLY DEFERRED;


--
-- Name: auth_user_user_permissions auth_user_user_permi_permission_id_1fbb5f2c_fk_auth_perm; Type: FK CONSTRAINT; Schema: public; Owner: zenithtron_user
--

ALTER TABLE ONLY public.auth_user_user_permissions
    ADD CONSTRAINT auth_user_user_permi_permission_id_1fbb5f2c_fk_auth_perm FOREIGN KEY (permission_id) REFERENCES public.auth_permission(id) DEFERRABLE INITIALLY DEFERRED;


--
-- Name: auth_user_user_permissions auth_user_user_permissions_user_id_a95ead1b_fk_auth_user_id; Type: FK CONSTRAINT; Schema: public; Owner: zenithtron_user
--

ALTER TABLE ONLY public.auth_user_user_permissions
    ADD CONSTRAINT auth_user_user_permissions_user_id_a95ead1b_fk_auth_user_id FOREIGN KEY (user_id) REFERENCES public.auth_user(id) DEFERRABLE INITIALLY DEFERRED;


--
-- Name: django_admin_log django_admin_log_content_type_id_c4bce8eb_fk_django_co; Type: FK CONSTRAINT; Schema: public; Owner: zenithtron_user
--

ALTER TABLE ONLY public.django_admin_log
    ADD CONSTRAINT django_admin_log_content_type_id_c4bce8eb_fk_django_co FOREIGN KEY (content_type_id) REFERENCES public.django_content_type(id) DEFERRABLE INITIALLY DEFERRED;


--
-- Name: django_admin_log django_admin_log_user_id_c564eba6_fk_auth_user_id; Type: FK CONSTRAINT; Schema: public; Owner: zenithtron_user
--

ALTER TABLE ONLY public.django_admin_log
    ADD CONSTRAINT django_admin_log_user_id_c564eba6_fk_auth_user_id FOREIGN KEY (user_id) REFERENCES public.auth_user(id) DEFERRABLE INITIALLY DEFERRED;


--
-- Name: ingresos_cuentacobro ingresos_cuentacobro_ingreso_id_9c8d2e4f_fk_ingresos_ingreso_id; Type: FK CONSTRAINT; Schema: public; Owner: zenithtron_user
--

ALTER TABLE ONLY public.ingresos_cuentacobro
    ADD CONSTRAINT ingresos_cuentacobro_ingreso_id_9c8d2e4f_fk_ingresos_ingreso_id FOREIGN KEY (ingreso_id) REFERENCES public.ingresos_ingreso(id) DEFERRABLE INITIALLY DEFERRED;


--
-- Name: ingresos_equipo ingresos_equipo_cliente_id_7573b066_fk_ingresos_cliente_id; Type: FK CONSTRAINT; Schema: public; Owner: zenithtron_user
--

ALTER TABLE ONLY public.ingresos_equipo
    ADD CONSTRAINT ingresos_equipo_cliente_id_7573b066_fk_ingresos_cliente_id FOREIGN KEY (cliente_id) REFERENCES public.ingresos_cliente(id) DEFERRABLE INITIALLY DEFERRED;


--
-- Name: ingresos_historialequipo ingresos_historialeq_ingreso_id_9acc0825_fk_ingresos_; Type: FK CONSTRAINT; Schema: public; Owner: zenithtron_user
--

ALTER TABLE ONLY public.ingresos_historialequipo
    ADD CONSTRAINT ingresos_historialeq_ingreso_id_9acc0825_fk_ingresos_ FOREIGN KEY (ingreso_id) REFERENCES public.ingresos_ingreso(id) DEFERRABLE INITIALLY DEFERRED;


--
-- Name: ingresos_imagenhistorial ingresos_imagenhisto_historial_id_690cce1e_fk_ingresos_; Type: FK CONSTRAINT; Schema: public; Owner: zenithtron_user
--

ALTER TABLE ONLY public.ingresos_imagenhistorial
    ADD CONSTRAINT ingresos_imagenhisto_historial_id_690cce1e_fk_ingresos_ FOREIGN KEY (historial_id) REFERENCES public.ingresos_historialequipo(id) DEFERRABLE INITIALLY DEFERRED;


--
-- Name: ingresos_imageningreso ingresos_imageningre_ingreso_id_45e88d05_fk_ingresos_; Type: FK CONSTRAINT; Schema: public; Owner: zenithtron_user
--

ALTER TABLE ONLY public.ingresos_imageningreso
    ADD CONSTRAINT ingresos_imageningre_ingreso_id_45e88d05_fk_ingresos_ FOREIGN KEY (ingreso_id) REFERENCES public.ingresos_ingreso(id) DEFERRABLE INITIALLY DEFERRED;


--
-- Name: ingresos_imagenserial ingresos_imagenserial_equipo_id_03e95342_fk_ingresos_equipo_id; Type: FK CONSTRAINT; Schema: public; Owner: zenithtron_user
--

ALTER TABLE ONLY public.ingresos_imagenserial
    ADD CONSTRAINT ingresos_imagenserial_equipo_id_03e95342_fk_ingresos_equipo_id FOREIGN KEY (equipo_id) REFERENCES public.ingresos_equipo(id) DEFERRABLE INITIALLY DEFERRED;


--
-- Name: ingresos_ingreso ingresos_ingreso_equipo_id_e8f19697_fk_ingresos_equipo_id; Type: FK CONSTRAINT; Schema: public; Owner: zenithtron_user
--

ALTER TABLE ONLY public.ingresos_ingreso
    ADD CONSTRAINT ingresos_ingreso_equipo_id_e8f19697_fk_ingresos_equipo_id FOREIGN KEY (equipo_id) REFERENCES public.ingresos_equipo(id) DEFERRABLE INITIALLY DEFERRED;


--
-- Name: ingresos_ingreso ingresos_ingreso_recibido_por_id_ba8d8115_fk_ingresos_; Type: FK CONSTRAINT; Schema: public; Owner: zenithtron_user
--

ALTER TABLE ONLY public.ingresos_ingreso
    ADD CONSTRAINT ingresos_ingreso_recibido_por_id_ba8d8115_fk_ingresos_ FOREIGN KEY (recibido_por_id) REFERENCES public.ingresos_recibidor(id) DEFERRABLE INITIALLY DEFERRED;


--
-- Name: ingresos_itemcuentacobro ingresos_itemcuentac_cuenta_id_e82ddd4e_fk_ingresos_; Type: FK CONSTRAINT; Schema: public; Owner: zenithtron_user
--

ALTER TABLE ONLY public.ingresos_itemcuentacobro
    ADD CONSTRAINT ingresos_itemcuentac_cuenta_id_e82ddd4e_fk_ingresos_ FOREIGN KEY (cuenta_id) REFERENCES public.ingresos_cuentacobro(id) DEFERRABLE INITIALLY DEFERRED;


--
-- Name: ingresos_reportetecnico ingresos_reportetecn_ingreso_id_53c6b998_fk_ingresos_; Type: FK CONSTRAINT; Schema: public; Owner: zenithtron_user
--

ALTER TABLE ONLY public.ingresos_reportetecnico
    ADD CONSTRAINT ingresos_reportetecn_ingreso_id_53c6b998_fk_ingresos_ FOREIGN KEY (ingreso_id) REFERENCES public.ingresos_ingreso(id) DEFERRABLE INITIALLY DEFERRED;


--
-- PostgreSQL database dump complete
--

\unrestrict V0R35OcamyRIFa3uZPe5IrQSXU02ZAb4w8mmsGhtC9E4AOb4s7zaAT10Q3Vug9W

